vendor,collection,model_name,series_instance_uid,n_slices,kvp,ctdivol_mgy,ctdivol_source,scan_mean_tube_current_ma,n_organs,n_truncated,weight_spread
GE,ACRIN-NSCLC-FDG-PET,LightSpeed Ultra,1.3.6.1.4.1.14519.5.2.1.7009.2403.104753627722770752924713208933,119,120.0,,unavailable,302.1848739495798,12,0,0.1985
GE,Adrenal-ACC-Ki67-Seg,LightSpeed Pro 16,1.3.6.1.4.1.14519.5.2.1.124206625223954387033910217866425393091,111,120.0,,unavailable,391.36036036036035,11,2,0.1377
GE,Anti-PD-1_Lung,Discovery CT750 HD,1.3.6.1.4.1.14519.5.2.1.3098.5025.104712617917450619399991479763,262,120.0,18.458844721653325,"reconstructed (open MIRDct table, GE Discovery CT750 HD)",273.2175572519084,11,0,0.2303
GE,C4KC-KiTS,LightSpeed Pro 16,1.3.6.1.4.1.14519.5.2.1.6919.4624.102552799280450622384605073116,199,120.0,,unavailable,393.63316582914575,12,0,0.156
GE,CMB-BRCA,Revolution EVO,1.3.6.1.4.1.14519.5.2.1.126451157075786057396180437022526798077,337,120.0,,unavailable,386.53115727002967,11,4,0.0305
GE,CMB-LCA,Optima CT660,1.3.6.1.4.1.14519.5.2.1.1.14850002370218603822287426909654457044,201,120.0,16.85960220714609,"reconstructed (open MIRDct table, GE Optima 660)",380.78109452736317,12,0,0.2779
GE,CMB-OV,Revolution CT,1.3.6.1.4.1.14519.5.2.1.110412737079958828416643878868827236377,321,100.0,,unavailable,240.5109034267913,11,0,0.6787
GE,CPTAC-CCRCC,LightSpeed VCT,1.3.6.1.4.1.14519.5.2.1.190738758608436907826741043480210378147,200,120.0,6.891528436363637,"reconstructed (open MIRDct table, GE LightSpeed VCT)",192.13,11,0,0.2092
GE,CPTAC-CM,LightSpeed16,1.3.6.1.4.1.14519.5.2.1.2932.1975.126887613559064617057929801994,513,120.0,23.95669995885235,"reconstructed (open MIRDct table, GE LightSpeed 16)",400.98830409356725,12,0,0.0006
GE,CPTAC-LUAD,Discovery STE,1.3.6.1.4.1.14519.5.2.1.4320.5885.101839196455054321363367605040,254,120.0,,unavailable,199.60629921259843,12,0,0.1102
Siemens,Adrenal-ACC-Ki67-Seg,SOMATOM Definition AS+,1.3.6.1.4.1.14519.5.2.1.169260120790039889716250759344671861678,140,120.0,14.61650263973941,"recorded (0018,9345)",351.55,11,2,0.2514
Siemens,C4KC-KiTS,Sensation 64,1.3.6.1.4.1.14519.5.2.1.6919.4624.492444591845205280171152909620,90,120.0,20.67714782608695,"recorded (0018,9345)",569.5777777777778,12,0,0.0173
Siemens,CC-Tumor-Heterogeneity,Biograph64,1.3.6.1.4.1.14519.5.2.1.130269400384835727617577152120460443053,334,120.0,15.060500000000001,"recorded (0018,9345)",344.8832335329341,11,0,0.5881
Siemens,CMB-BRCA,SOMATOM Definition AS,1.3.6.1.4.1.14519.5.2.1.117047503231020830753317635065264697398,285,100.0,5.2560933209302325,"recorded (0018,9345)",167.75438596491227,12,0,0.4225
Siemens,CMB-CRC,SOMATOM Definition AS,1.3.6.1.4.1.14519.5.2.1.1.11435509567176551466134346112512854888,233,140.0,50.110704,"recorded (0018,9345)",311.24463519313304,12,0,0.722
Siemens,CMB-GEC,SOMATOM Definition AS,1.3.6.1.4.1.14519.5.2.1.139028541272282999207461674394024845879,162,100.0,7.456120343558281,"recorded (0018,9345)",519.3148148148148,12,0,0.2707
Siemens,CMB-MEL,SOMATOM Definition AS,1.3.6.1.4.1.14519.5.2.1.1.12144631656438139661502631773455627610,41,140.0,7.826356858388246,"recorded (0018,9345)",141.97560975609755,4,4,0.2389
Siemens,CMB-OV,SOMATOM Definition Flash,1.3.6.1.4.1.14519.5.2.1.124862978740839397384301699389733909446,164,120.0,7.004302842996743,"recorded (0018,9345)",298.8536585365854,12,0,0.6329
Siemens,CMB-PCA,SOMATOM Definition AS,1.3.6.1.4.1.14519.5.2.1.120283006789263156233439135960658945231,267,120.0,8.939629395348838,"recorded (0018,9345)",402.0861423220974,12,0,0.1764
Siemens,COVID-19-NY-SBU,Biograph 40,1.3.6.1.4.1.14519.5.2.1.99.1071.24503530203089772620259137946948,435,120.0,5.274782608695652,"recorded (0018,9345)",117.4183908045977,12,0,0.1493
Canon/Toshiba,Anti-PD-1_Lung,Aquilion,1.3.6.1.4.1.14519.5.2.1.3098.5025.146217110450191920006308432033,159,120.0,5.4,"recorded (0018,9345)",112.0880503144654,10,8,0.2896
Canon/Toshiba,C4KC-KiTS,Aquilion PRIME,1.3.6.1.4.1.14519.5.2.1.6919.4624.125153249491081957890408272216,103,120.0,6.9,"recorded (0018,9345)",128.64077669902912,11,2,0.1447
Canon/Toshiba,CMB-CRC,Aquilion Prime SP,1.3.6.1.4.1.14519.5.2.1.1.12026969269299422966770921088977968852,88,120.0,5.0,"recorded (0018,9345)",160.4659090909091,12,0,0.1227
Canon/Toshiba,CMB-MML,Aquilion,1.3.6.1.4.1.14519.5.2.1.1.29343766386826411185462290976788394151,148,120.0,10.2,"recorded (0018,9345)",149.77702702702703,12,0,0.7812
Canon/Toshiba,CMB-OV,Aquilion PRIME,1.3.6.1.4.1.14519.5.2.1.235815435552836713008925930681449087181,268,120.0,16.1,"recorded (0018,9345)",265.3320895522388,12,0,1.0438
Canon/Toshiba,CMB-PCA,Aquilion Prime SP,1.3.6.1.4.1.14519.5.2.1.1.35060909971867492262237150543126705979,290,120.0,9.3,"recorded (0018,9345)",299.451724137931,12,0,0.2632
Canon/Toshiba,CPTAC-CCRCC,Aquilion,1.3.6.1.4.1.14519.5.2.1.2932.1975.106756844835533656529983969250,782,120.0,33.4,"recorded (0018,9345)",424.9514066496164,11,0,0.0003
Canon/Toshiba,CPTAC-CM,Aquilion,1.3.6.1.4.1.14519.5.2.1.2932.1975.101293628603821133332259852363,576,120.0,29.1,"recorded (0018,9345)",276.8333333333333,11,2,0.4272
Canon/Toshiba,CPTAC-PDA,Aquilion ONE,1.3.6.1.4.1.14519.5.2.1.1078.3273.178159594418154823809776931651,194,120.0,9.0,"recorded (0018,9345)",175.66494845360825,12,0,0.2685
Canon/Toshiba,CPTAC-STAD,Aquilion,1.3.6.1.4.1.14519.5.2.1.2099.3754.178917260616042842392917847989,501,120.0,15.1,"recorded (0018,9345)",163.562874251497,12,0,0.4083
Philips,Adrenal-ACC-Ki67-Seg,iCT 256,1.3.6.1.4.1.14519.5.2.1.122681232740719558092171043097976012159,121,120.0,21.610235454545457,"reconstructed (open MIRDct table, Philips iCT 256 Slice)",432.24793388429754,11,2,0.154
Philips,C4KC-KiTS,iCT 256,1.3.6.1.4.1.14519.5.2.1.6919.4624.105596304219458852186973583847,124,120.0,13.7,"recorded (0018,9345)",476.3225806451613,11,1,0.118
Philips,CMB-BRCA,Incisive CT,1.3.6.1.4.1.14519.5.2.1.94531563816741245873445833243538669934,385,120.0,5.839200019836426,"recorded (0018,9345)",106.56103896103896,11,7,0.1053
Philips,CMB-CRC,Incisive CT,1.3.6.1.4.1.14519.5.2.1.35849535652939153577452390867555563110,461,120.0,11.21883201599121,"recorded (0018,9345)",167.67462039045554,11,6,0.1924
Philips,CMB-LCA,Incisive CT,1.3.6.1.4.1.14519.5.2.1.13789879393431026461197285453898279533,489,120.0,11.01608276367188,"recorded (0018,9345)",123.98159509202453,11,7,0.1531
Philips,CPTAC-CCRCC,Brilliance 64,1.3.6.1.4.1.14519.5.2.1.2932.1975.110136518027764333512179150738,711,120.0,8.238461538461538,"recorded (0018,9345)",157.18565400843883,12,0,0.2723
Philips,CPTAC-CM,iCT 256,1.3.6.1.4.1.14519.5.2.1.2857.3159.203983181868287072753321424140,290,120.0,12.79008620689655,"recorded (0018,9345)",337.2931034482759,12,0,0.5844
Philips,CPTAC-LSCC,Brilliance 64,1.3.6.1.4.1.14519.5.2.1.2932.1975.119554862381870875314127355939,660,120.0,8.68102564102564,"recorded (0018,9345)",144.7409090909091,12,0,0.1304
Philips,CPTAC-PDA,Brilliance 16,1.3.6.1.4.1.14519.5.2.1.3320.3273.114542284322103737687268266165,309,120.0,17.94107142857143,"recorded (0018,9345)",206.210355987055,12,0,0.2243
Philips,CPTAC-SAR,Brilliance 64,1.3.6.1.4.1.14519.5.2.1.2932.1975.256749960592074016578641330855,714,120.0,10.185185185185185,"recorded (0018,9345)",121.35854341736695,12,0,0.3457
